Time,CELLS:ROOMX1:WINTER DESIGN DAY IN FRIBOURG (O1-O1:31-12):Des Heat Load [W],CELLS:ROOMX1::Des Sens Cool Load [W],CELLS:ROOMX1:WINTER DESIGN DAY IN FRIBOURG (O1-O1:31-12):Des Heat Mass Flow [kg/s],CELLS:ROOMX1::Des Cool Mass Flow [kg/s],CELLS:ENTRANCE:WINTER DESIGN DAY IN FRIBOURG (O1-O1:31-12):Des Heat Load [W],CELLS:ENTRANCE::Des Sens Cool Load [W],CELLS:ENTRANCE:WINTER DESIGN DAY IN FRIBOURG (O1-O1:31-12):Des Heat Mass Flow [kg/s],CELLS:ENTRANCE::Des Cool Mass Flow [kg/s],CELLS:ROOMX2::Des Heat Load [W],CELLS:ROOMX2::Des Sens Cool Load [W],CELLS:ROOMX2::Des Heat Mass Flow [kg/s],CELLS:ROOMX2::Des Cool Mass Flow [kg/s]
00:10:00,4.331376E+02,0.000000E+00,2.202455E-02,0.000000E+00,6.487528E+02,0.000000E+00,4.179013E-02,0.000000E+00,0.000000E+00,0.000000E+00,0.000000E+00,0.000000E+00
00:20:00,4.330817E+02,0.000000E+00,2.202171E-02,0.000000E+00,6.476970E+02,0.000000E+00,4.172212E-02,0.000000E+00,0.000000E+00,0.000000E+00,0.000000E+00,0.000000E+00
00:30:00,4.330827E+02,0.000000E+00,2.202176E-02,0.000000E+00,6.477144E+02,0.000000E+00,4.172324E-02,0.000000E+00,0.000000E+00,0.000000E+00,0.000000E+00,0.000000E+00
00:40:00,4.330836E+02,0.000000E+00,2.202181E-02,0.000000E+00,6.477318E+02,0.000000E+00,4.172436E-02,0.000000E+00,0.000000E+00,0.000000E+00,0.000000E+00,0.000000E+00
00:50:00,4.330846E+02,0.000000E+00,2.202186E-02,0.000000E+00,6.477491E+02,0.000000E+00,4.172548E-02,0.000000E+00,0.000000E+00,0.000000E+00,0.000000E+00,0.000000E+00
01:00:00,4.330855E+02,0.000000E+00,2.202191E-02,0.000000E+00,6.477664E+02,0.000000E+00,4.172659E-02,0.000000E+00,0.000000E+00,0.000000E+00,0.000000E+00,0.000000E+00
01:10:00,4.330865E+02,0.000000E+00,2.202195E-02,0.000000E+00,6.477837E+02,0.000000E+00,4.172771E-02,0.000000E+00,0.000000E+00,0.000000E+00,0.000000E+00,0.000000E+00
01:20:00,4.330874E+02,0.000000E+00,2.202200E-02,0.000000E+00,6.478009E+02,0.000000E+00,4.172881E-02,0.000000E+00,0.000000E+00,0.000000E+00,0.000000E+00,0.000000E+00
01:30:00,4.330883E+02,0.000000E+00,2.202205E-02,0.000000E+00,6.478181E+02,0.000000E+00,4.172992E-02,0.000000E+00,0.000000E+00,0.000000E+00,0.000000E+00,0.000000E+00
01:40:00,4.330892E+02,0.000000E+00,2.202209E-02,0.000000E+00,6.478352E+02,0.000000E+00,4.173102E-02,0.000000E+00,0.000000E+00,0.000000E+00,0.000000E+00,0.000000E+00
01:50:00,4.330902E+02,0.000000E+00,2.202214E-02,0.000000E+00,6.478523E+02,0.000000E+00,4.173213E-02,0.000000E+00,0.000000E+00,0.000000E+00,0.000000E+00,0.000000E+00
02:00:00,4.330911E+02,0.000000E+00,2.202219E-02,0.000000E+00,6.478693E+02,0.000000E+00,4.173322E-02,0.000000E+00,0.000000E+00,0.000000E+00,0.000000E+00,0.000000E+00
02:10:00,4.330920E+02,0.000000E+00,2.202224E-02,0.000000E+00,6.478864E+02,0.000000E+00,4.173432E-02,0.000000E+00,0.000000E+00,0.000000E+00,0.000000E+00,0.000000E+00
02:20:00,4.330929E+02,0.000000E+00,2.202228E-02,0.000000E+00,6.479033E+02,0.000000E+00,4.173541E-02,0.000000E+00,0.000000E+00,0.000000E+00,0.000000E+00,0.000000E+00
02:30:00,4.330939E+02,0.000000E+00,2.202233E-02,0.000000E+00,6.479203E+02,0.000000E+00,4.173651E-02,0.000000E+00,0.000000E+00,0.000000E+00,0.000000E+00,0.000000E+00
02:40:00,4.330948E+02,0.000000E+00,2.202238E-02,0.000000E+00,6.479372E+02,0.000000E+00,4.173760E-02,0.000000E+00,0.000000E+00,0.000000E+00,0.000000E+00,0.000000E+00
02:50:00,4.330957E+02,0.000000E+00,2.202242E-02,0.000000E+00,6.479541E+02,0.000000E+00,4.173868E-02,0.000000E+00,0.000000E+00,0.000000E+00,0.000000E+00,0.000000E+00
03:00:00,4.330966E+02,0.000000E+00,2.202247E-02,0.000000E+00,6.479709E+02,0.000000E+00,4.173977E-02,0.000000E+00,0.000000E+00,0.000000E+00,0.000000E+00,0.000000E+00
03:10:00,4.330975E+02,0.000000E+00,2.202251E-02,0.000000E+00,6.479877E+02,0.000000E+00,4.174085E-02,0.000000E+00,0.000000E+00,0.000000E+00,0.000000E+00,0.000000E+00
03:20:00,4.330984E+02,0.000000E+00,2.202256E-02,0.000000E+00,6.480044E+02,0.000000E+00,4.174193E-02,0.000000E+00,0.000000E+00,0.000000E+00,0.000000E+00,0.000000E+00
03:30:00,4.330993E+02,0.000000E+00,2.202261E-02,0.000000E+00,6.480211E+02,0.000000E+00,4.174300E-02,0.000000E+00,0.000000E+00,0.000000E+00,0.000000E+00,0.000000E+00
03:40:00,4.331002E+02,0.000000E+00,2.202265E-02,0.000000E+00,6.480378E+02,0.000000E+00,4.174408E-02,0.000000E+00,0.000000E+00,0.000000E+00,0.000000E+00,0.000000E+00
03:50:00,4.331011E+02,0.000000E+00,2.202270E-02,0.000000E+00,6.480544E+02,0.000000E+00,4.174515E-02,0.000000E+00,0.000000E+00,0.000000E+00,0.000000E+00,0.000000E+00
04:00:00,4.331020E+02,0.000000E+00,2.202274E-02,0.000000E+00,6.480710E+02,0.000000E+00,4.174622E-02,0.000000E+00,0.000000E+00,0.000000E+00,0.000000E+00,0.000000E+00
04:10:00,4.331029E+02,0.000000E+00,2.202279E-02,0.000000E+00,6.480876E+02,0.000000E+00,4.174728E-02,0.000000E+00,0.000000E+00,0.000000E+00,0.000000E+00,0.000000E+00
04:20:00,4.331038E+02,0.000000E+00,2.202283E-02,0.000000E+00,6.481041E+02,0.000000E+00,4.174835E-02,0.000000E+00,0.000000E+00,0.000000E+00,0.000000E+00,0.000000E+00
04:30:00,4.331046E+02,0.000000E+00,2.202288E-02,0.000000E+00,6.481206E+02,0.000000E+00,4.174941E-02,0.000000E+00,0.000000E+00,0.000000E+00,0.000000E+00,0.000000E+00
04:40:00,4.331055E+02,0.000000E+00,2.202292E-02,0.000000E+00,6.481371E+02,0.000000E+00,4.175047E-02,0.000000E+00,0.000000E+00,0.000000E+00,0.000000E+00,0.000000E+00
04:50:00,4.331064E+02,0.000000E+00,2.202297E-02,0.000000E+00,6.481535E+02,0.000000E+00,4.175153E-02,0.000000E+00,0.000000E+00,0.000000E+00,0.000000E+00,0.000000E+00
05:00:00,4.331073E+02,0.000000E+00,2.202301E-02,0.000000E+00,6.481698E+02,0.000000E+00,4.175258E-02,0.000000E+00,0.000000E+00,0.000000E+00,0.000000E+00,0.000000E+00
05:10:00,4.331082E+02,0.000000E+00,2.202306E-02,0.000000E+00,6.481862E+02,0.000000E+00,4.175363E-02,0.000000E+00,0.000000E+00,0.000000E+00,0.000000E+00,0.000000E+00
05:20:00,4.331090E+02,0.000000E+00,2.202310E-02,0.000000E+00,6.482025E+02,0.000000E+00,4.175468E-02,0.000000E+00,0.000000E+00,0.000000E+00,0.000000E+00,0.000000E+00
05:30:00,4.331099E+02,0.000000E+00,2.202315E-02,0.000000E+00,6.482187E+02,0.000000E+00,4.175573E-02,0.000000E+00,0.000000E+00,0.000000E+00,0.000000E+00,0.000000E+00
05:40:00,4.331108E+02,0.000000E+00,2.202319E-02,0.000000E+00,6.482349E+02,0.000000E+00,4.175678E-02,0.000000E+00,0.000000E+00,0.000000E+00,0.000000E+00,0.000000E+00
05:50:00,4.331116E+02,0.000000E+00,2.202323E-02,0.000000E+00,6.482511E+02,0.000000E+00,4.175782E-02,0.000000E+00,0.000000E+00,0.000000E+00,0.000000E+00,0.000000E+00
06:00:00,4.331125E+02,0.000000E+00,2.202328E-02,0.000000E+00,6.482673E+02,0.000000E+00,4.175886E-02,0.000000E+00,0.000000E+00,0.000000E+00,0.000000E+00,0.000000E+00
06:10:00,4.331134E+02,0.000000E+00,2.202332E-02,0.000000E+00,6.482834E+02,0.000000E+00,4.175990E-02,0.000000E+00,0.000000E+00,0.000000E+00,0.000000E+00,0.000000E+00
06:20:00,4.331142E+02,0.000000E+00,2.202336E-02,0.000000E+00,6.482995E+02,0.000000E+00,4.176093E-02,0.000000E+00,0.000000E+00,0.000000E+00,0.000000E+00,0.000000E+00
06:30:00,4.331151E+02,0.000000E+00,2.202341E-02,0.000000E+00,6.483155E+02,0.000000E+00,4.176197E-02,0.000000E+00,0.000000E+00,0.000000E+00,0.000000E+00,0.000000E+00
06:40:00,4.331159E+02,0.000000E+00,2.202345E-02,0.000000E+00,6.483315E+02,0.000000E+00,4.176300E-02,0.000000E+00,0.000000E+00,0.000000E+00,0.000000E+00,0.000000E+00
06:50:00,4.331168E+02,0.000000E+00,2.202350E-02,0.000000E+00,6.483475E+02,0.000000E+00,4.176402E-02,0.000000E+00,0.000000E+00,0.000000E+00,0.000000E+00,0.000000E+00
07:00:00,4.331177E+02,0.000000E+00,2.202354E-02,0.000000E+00,6.483634E+02,0.000000E+00,4.176505E-02,0.000000E+00,0.000000E+00,0.000000E+00,0.000000E+00,0.000000E+00
07:10:00,4.331185E+02,0.000000E+00,2.202358E-02,0.000000E+00,6.483793E+02,0.000000E+00,4.176607E-02,0.000000E+00,0.000000E+00,0.000000E+00,0.000000E+00,0.000000E+00
07:20:00,4.331193E+02,0.000000E+00,2.202362E-02,0.000000E+00,6.483952E+02,0.000000E+00,4.176710E-02,0.000000E+00,0.000000E+00,0.000000E+00,0.000000E+00,0.000000E+00
07:30:00,4.331202E+02,0.000000E+00,2.202367E-02,0.000000E+00,6.484110E+02,0.000000E+00,4.176812E-02,0.000000E+00,0.000000E+00,0.000000E+00,0.000000E+00,0.000000E+00
07:40:00,4.331210E+02,0.000000E+00,2.202371E-02,0.000000E+00,6.484268E+02,0.000000E+00,4.176913E-02,0.000000E+00,0.000000E+00,0.000000E+00,0.000000E+00,0.000000E+00
07:50:00,4.331219E+02,0.000000E+00,2.202375E-02,0.000000E+00,6.484425E+02,0.000000E+00,4.177015E-02,0.000000E+00,0.000000E+00,0.000000E+00,0.000000E+00,0.000000E+00
08:00:00,4.331227E+02,0.000000E+00,2.202380E-02,0.000000E+00,6.484582E+02,0.000000E+00,4.177116E-02,0.000000E+00,0.000000E+00,0.000000E+00,0.000000E+00,0.000000E+00
08:10:00,4.331235E+02,0.000000E+00,2.202384E-02,0.000000E+00,6.484739E+02,0.000000E+00,4.177217E-02,0.000000E+00,0.000000E+00,0.000000E+00,0.000000E+00,0.000000E+00
08:20:00,4.331244E+02,0.000000E+00,2.202388E-02,0.000000E+00,6.484895E+02,0.000000E+00,4.177318E-02,0.000000E+00,0.000000E+00,0.000000E+00,0.000000E+00,0.000000E+00
08:30:00,4.331252E+02,0.000000E+00,2.202392E-02,0.000000E+00,6.485051E+02,0.000000E+00,4.177418E-02,0.000000E+00,0.000000E+00,0.000000E+00,0.000000E+00,0.000000E+00
08:40:00,4.331260E+02,0.000000E+00,2.202396E-02,0.000000E+00,6.485207E+02,0.000000E+00,4.177518E-02,0.000000E+00,0.000000E+00,0.000000E+00,0.000000E+00,0.000000E+00
08:50:00,4.331269E+02,0.000000E+00,2.202401E-02,0.000000E+00,6.485362E+02,0.000000E+00,4.177619E-02,0.000000E+00,0.000000E+00,0.000000E+00,0.000000E+00,0.000000E+00
09:00:00,4.331277E+02,0.000000E+00,2.202405E-02,0.000000E+00,6.485517E+02,0.000000E+00,4.177718E-02,0.000000E+00,0.000000E+00,0.000000E+00,0.000000E+00,0.000000E+00
09:10:00,4.331285E+02,0.000000E+00,2.202409E-02,0.000000E+00,6.485672E+02,0.000000E+00,4.177818E-02,0.000000E+00,0.000000E+00,0.000000E+00,0.000000E+00,0.000000E+00
09:20:00,4.331293E+02,0.000000E+00,2.202413E-02,0.000000E+00,6.485826E+02,0.000000E+00,4.177917E-02,0.000000E+00,0.000000E+00,0.000000E+00,0.000000E+00,0.000000E+00
09:30:00,4.331301E+02,0.000000E+00,2.202417E-02,0.000000E+00,6.485980E+02,0.000000E+00,4.178016E-02,0.000000E+00,0.000000E+00,0.000000E+00,0.000000E+00,0.000000E+00
09:40:00,4.331310E+02,0.000000E+00,2.202421E-02,0.000000E+00,6.486134E+02,0.000000E+00,4.178115E-02,0.000000E+00,0.000000E+00,0.000000E+00,0.000000E+00,0.000000E+00
09:50:00,4.331318E+02,0.000000E+00,2.202426E-02,0.000000E+00,6.486287E+02,0.000000E+00,4.178214E-02,0.000000E+00,0.000000E+00,0.000000E+00,0.000000E+00,0.000000E+00
10:00:00,4.331326E+02,0.000000E+00,2.202430E-02,0.000000E+00,6.486440E+02,0.000000E+00,4.178313E-02,0.000000E+00,0.000000E+00,0.000000E+00,0.000000E+00,0.000000E+00
10:10:00,4.331334E+02,0.000000E+00,2.202434E-02,0.000000E+00,6.486592E+02,0.000000E+00,4.178411E-02,0.000000E+00,0.000000E+00,0.000000E+00,0.000000E+00,0.000000E+00
10:20:00,4.331342E+02,0.000000E+00,2.202438E-02,0.000000E+00,6.486745E+02,0.000000E+00,4.178509E-02,0.000000E+00,0.000000E+00,0.000000E+00,0.000000E+00,0.000000E+00
10:30:00,4.331350E+02,0.000000E+00,2.202442E-02,0.000000E+00,6.486896E+02,0.000000E+00,4.178607E-02,0.000000E+00,0.000000E+00,0.000000E+00,0.000000E+00,0.000000E+00
10:40:00,4.331358E+02,0.000000E+00,2.202446E-02,0.000000E+00,6.487048E+02,0.000000E+00,4.178704E-02,0.000000E+00,0.000000E+00,0.000000E+00,0.000000E+00,0.000000E+00
10:50:00,4.331366E+02,0.000000E+00,2.202450E-02,0.000000E+00,6.487199E+02,0.000000E+00,4.178802E-02,0.000000E+00,0.000000E+00,0.000000E+00,0.000000E+00,0.000000E+00
11:00:00,4.331374E+02,0.000000E+00,2.202454E-02,0.000000E+00,6.487350E+02,0.000000E+00,4.178899E-02,0.000000E+00,0.000000E+00,0.000000E+00,0.000000E+00,0.000000E+00
11:10:00,4.331382E+02,0.000000E+00,2.202458E-02,0.000000E+00,6.487500E+02,0.000000E+00,4.178996E-02,0.000000E+00,0.000000E+00,0.000000E+00,0.000000E+00,0.000000E+00
11:20:00,4.331390E+02,0.000000E+00,2.202462E-02,0.000000E+00,6.487650E+02,0.000000E+00,4.179092E-02,0.000000E+00,0.000000E+00,0.000000E+00,0.000000E+00,0.000000E+00
11:30:00,4.331398E+02,0.000000E+00,2.202466E-02,0.000000E+00,6.487800E+02,0.000000E+00,4.179189E-02,0.000000E+00,0.000000E+00,0.000000E+00,0.000000E+00,0.000000E+00
11:40:00,4.331406E+02,0.000000E+00,2.202470E-02,0.000000E+00,6.487950E+02,0.000000E+00,4.179285E-02,0.000000E+00,0.000000E+00,0.000000E+00,0.000000E+00,0.000000E+00
11:50:00,4.331413E+02,0.000000E+00,2.202474E-02,0.000000E+00,6.488099E+02,0.000000E+00,4.179381E-02,0.000000E+00,0.000000E+00,0.000000E+00,0.000000E+00,0.000000E+00
12:00:00,4.331421E+02,0.000000E+00,2.202478E-02,0.000000E+00,6.488247E+02,0.000000E+00,4.179477E-02,0.000000E+00,0.000000E+00,0.000000E+00,0.000000E+00,0.000000E+00
12:10:00,4.331429E+02,0.000000E+00,2.202482E-02,0.000000E+00,6.488396E+02,0.000000E+00,4.179572E-02,0.000000E+00,0.000000E+00,0.000000E+00,0.000000E+00,0.000000E+00
12:20:00,4.331437E+02,0.000000E+00,2.202486E-02,0.000000E+00,6.488544E+02,0.000000E+00,4.179668E-02,0.000000E+00,0.000000E+00,0.000000E+00,0.000000E+00,0.000000E+00
12:30:00,4.331445E+02,0.000000E+00,2.202490E-02,0.000000E+00,6.488692E+02,0.000000E+00,4.179763E-02,0.000000E+00,0.000000E+00,0.000000E+00,0.000000E+00,0.000000E+00
12:40:00,4.331453E+02,0.000000E+00,2.202494E-02,0.000000E+00,6.488839E+02,0.000000E+00,4.179858E-02,0.000000E+00,0.000000E+00,0.000000E+00,0.000000E+00,0.000000E+00
12:50:00,4.331460E+02,0.000000E+00,2.202498E-02,0.000000E+00,6.488986E+02,0.000000E+00,4.179953E-02,0.000000E+00,0.000000E+00,0.000000E+00,0.000000E+00,0.000000E+00
13:00:00,4.331468E+02,0.000000E+00,2.202502E-02,0.000000E+00,6.489133E+02,0.000000E+00,4.180047E-02,0.000000E+00,0.000000E+00,0.000000E+00,0.000000E+00,0.000000E+00
13:10:00,4.331476E+02,0.000000E+00,2.202506E-02,0.000000E+00,6.489279E+02,0.000000E+00,4.180141E-02,0.000000E+00,0.000000E+00,0.000000E+00,0.000000E+00,0.000000E+00
13:20:00,4.331483E+02,0.000000E+00,2.202510E-02,0.000000E+00,6.489425E+02,0.000000E+00,4.180236E-02,0.000000E+00,0.000000E+00,0.000000E+00,0.000000E+00,0.000000E+00
13:30:00,4.331491E+02,0.000000E+00,2.202514E-02,0.000000E+00,6.489571E+02,0.000000E+00,4.180329E-02,0.000000E+00,0.000000E+00,0.000000E+00,0.000000E+00,0.000000E+00
13:40:00,4.331499E+02,0.000000E+00,2.202518E-02,0.000000E+00,6.489716E+02,0.000000E+00,4.180423E-02,0.000000E+00,0.000000E+00,0.000000E+00,0.000000E+00,0.000000E+00
13:50:00,4.331506E+02,0.000000E+00,2.202521E-02,0.000000E+00,6.489861E+02,0.000000E+00,4.180516E-02,0.000000E+00,0.000000E+00,0.000000E+00,0.000000E+00,0.000000E+00
14:00:00,4.331514E+02,0.000000E+00,2.202525E-02,0.000000E+00,6.490006E+02,0.000000E+00,4.180610E-02,0.000000E+00,0.000000E+00,0.000000E+00,0.000000E+00,0.000000E+00
14:10:00,4.331522E+02,0.000000E+00,2.202529E-02,0.000000E+00,6.490150E+02,0.000000E+00,4.180703E-02,0.000000E+00,0.000000E+00,0.000000E+00,0.000000E+00,0.000000E+00
14:20:00,4.331529E+02,0.000000E+00,2.202533E-02,0.000000E+00,6.490294E+02,0.000000E+00,4.180795E-02,0.000000E+00,0.000000E+00,0.000000E+00,0.000000E+00,0.000000E+00
14:30:00,4.331537E+02,0.000000E+00,2.202537E-02,0.000000E+00,6.490438E+02,0.000000E+00,4.180888E-02,0.000000E+00,0.000000E+00,0.000000E+00,0.000000E+00,0.000000E+00
14:40:00,4.331544E+02,0.000000E+00,2.202541E-02,0.000000E+00,6.490581E+02,0.000000E+00,4.180980E-02,0.000000E+00,0.000000E+00,0.000000E+00,0.000000E+00,0.000000E+00
14:50:00,4.331552E+02,0.000000E+00,2.202545E-02,0.000000E+00,6.490724E+02,0.000000E+00,4.181073E-02,0.000000E+00,0.000000E+00,0.000000E+00,0.000000E+00,0.000000E+00
15:00:00,4.331559E+02,0.000000E+00,2.202548E-02,0.000000E+00,6.490867E+02,0.000000E+00,4.181165E-02,0.000000E+00,0.000000E+00,0.000000E+00,0.000000E+00,0.000000E+00
15:10:00,4.331567E+02,0.000000E+00,2.202552E-02,0.000000E+00,6.491010E+02,0.000000E+00,4.181256E-02,0.000000E+00,0.000000E+00,0.000000E+00,0.000000E+00,0.000000E+00
15:20:00,4.331574E+02,0.000000E+00,2.202556E-02,0.000000E+00,6.491152E+02,0.000000E+00,4.181348E-02,0.000000E+00,0.000000E+00,0.000000E+00,0.000000E+00,0.000000E+00
15:30:00,4.331581E+02,0.000000E+00,2.202560E-02,0.000000E+00,6.491293E+02,0.000000E+00,4.181439E-02,0.000000E+00,0.000000E+00,0.000000E+00,0.000000E+00,0.000000E+00
15:40:00,4.331589E+02,0.000000E+00,2.202563E-02,0.000000E+00,6.491435E+02,0.000000E+00,4.181530E-02,0.000000E+00,0.000000E+00,0.000000E+00,0.000000E+00,0.000000E+00
15:50:00,4.331596E+02,0.000000E+00,2.202567E-02,0.000000E+00,6.491576E+02,0.000000E+00,4.181621E-02,0.000000E+00,0.000000E+00,0.000000E+00,0.000000E+00,0.000000E+00
16:00:00,4.331604E+02,0.000000E+00,2.202571E-02,0.000000E+00,6.491717E+02,0.000000E+00,4.181712E-02,0.000000E+00,0.000000E+00,0.000000E+00,0.000000E+00,0.000000E+00
16:10:00,4.331611E+02,0.000000E+00,2.202575E-02,0.000000E+00,6.491857E+02,0.000000E+00,4.181802E-02,0.000000E+00,0.000000E+00,0.000000E+00,0.000000E+00,0.000000E+00
16:20:00,4.331618E+02,0.000000E+00,2.202578E-02,0.000000E+00,6.491997E+02,0.000000E+00,4.181893E-02,0.000000E+00,0.000000E+00,0.000000E+00,0.000000E+00,0.000000E+00
16:30:00,4.331626E+02,0.000000E+00,2.202582E-02,0.000000E+00,6.492137E+02,0.000000E+00,4.181983E-02,0.000000E+00,0.000000E+00,0.000000E+00,0.000000E+00,0.000000E+00
16:40:00,4.331633E+02,0.000000E+00,2.202586E-02,0.000000E+00,6.492277E+02,0.000000E+00,4.182072E-02,0.000000E+00,0.000000E+00,0.000000E+00,0.000000E+00,0.000000E+00
16:50:00,4.331640E+02,0.000000E+00,2.202590E-02,0.000000E+00,6.492416E+02,0.000000E+00,4.182162E-02,0.000000E+00,0.000000E+00,0.000000E+00,0.000000E+00,0.000000E+00
17:00:00,4.331647E+02,0.000000E+00,2.202593E-02,0.000000E+00,6.492555E+02,0.000000E+00,4.182252E-02,0.000000E+00,0.000000E+00,0.000000E+00,0.000000E+00,0.000000E+00
17:10:00,4.331655E+02,0.000000E+00,2.202597E-02,0.000000E+00,6.492693E+02,0.000000E+00,4.182341E-02,0.000000E+00,0.000000E+00,0.000000E+00,0.000000E+00,0.000000E+00
17:20:00,4.331662E+02,0.000000E+00,2.202601E-02,0.000000E+00,6.492832E+02,0.000000E+00,4.182430E-02,0.000000E+00,0.000000E+00,0.000000E+00,0.000000E+00,0.000000E+00
17:30:00,4.331669E+02,0.000000E+00,2.202604E-02,0.000000E+00,6.492969E+02,0.000000E+00,4.182519E-02,0.000000E+00,0.000000E+00,0.000000E+00,0.000000E+00,0.000000E+00
17:40:00,4.331676E+02,0.000000E+00,2.202608E-02,0.000000E+00,6.493107E+02,0.000000E+00,4.182607E-02,0.000000E+00,0.000000E+00,0.000000E+00,0.000000E+00,0.000000E+00
17:50:00,4.331683E+02,0.000000E+00,2.202612E-02,0.000000E+00,6.493244E+02,0.000000E+00,4.182696E-02,0.000000E+00,0.000000E+00,0.000000E+00,0.000000E+00,0.000000E+00
18:00:00,4.331691E+02,0.000000E+00,2.202615E-02,0.000000E+00,6.493381E+02,0.000000E+00,4.182784E-02,0.000000E+00,0.000000E+00,0.000000E+00,0.000000E+00,0.000000E+00
18:10:00,4.331698E+02,0.000000E+00,2.202619E-02,0.000000E+00,6.493518E+02,0.000000E+00,4.182872E-02,0.000000E+00,0.000000E+00,0.000000E+00,0.000000E+00,0.000000E+00
18:20:00,4.331705E+02,0.000000E+00,2.202622E-02,0.000000E+00,6.493654E+02,0.000000E+00,4.182960E-02,0.000000E+00,0.000000E+00,0.000000E+00,0.000000E+00,0.000000E+00
18:30:00,4.331712E+02,0.000000E+00,2.202626E-02,0.000000E+00,6.493790E+02,0.000000E+00,4.183048E-02,0.000000E+00,0.000000E+00,0.000000E+00,0.000000E+00,0.000000E+00
18:40:00,4.331719E+02,0.000000E+00,2.202630E-02,0.000000E+00,6.493926E+02,0.000000E+00,4.183135E-02,0.000000E+00,0.000000E+00,0.000000E+00,0.000000E+00,0.000000E+00
18:50:00,4.331726E+02,0.000000E+00,2.202633E-02,0.000000E+00,6.494062E+02,0.000000E+00,4.183222E-02,0.000000E+00,0.000000E+00,0.000000E+00,0.000000E+00,0.000000E+00
19:00:00,4.331733E+02,0.000000E+00,2.202637E-02,0.000000E+00,6.494197E+02,0.000000E+00,4.183309E-02,0.000000E+00,0.000000E+00,0.000000E+00,0.000000E+00,0.000000E+00
19:10:00,4.331740E+02,0.000000E+00,2.202640E-02,0.000000E+00,6.494331E+02,0.000000E+00,4.183396E-02,0.000000E+00,0.000000E+00,0.000000E+00,0.000000E+00,0.000000E+00
19:20:00,4.331747E+02,0.000000E+00,2.202644E-02,0.000000E+00,6.494466E+02,0.000000E+00,4.183483E-02,0.000000E+00,0.000000E+00,0.000000E+00,0.000000E+00,0.000000E+00
19:30:00,4.331754E+02,0.000000E+00,2.202647E-02,0.000000E+00,6.494600E+02,0.000000E+00,4.183569E-02,0.000000E+00,0.000000E+00,0.000000E+00,0.000000E+00,0.000000E+00
19:40:00,4.331761E+02,0.000000E+00,2.202651E-02,0.000000E+00,6.494734E+02,0.000000E+00,4.183655E-02,0.000000E+00,0.000000E+00,0.000000E+00,0.000000E+00,0.000000E+00
19:50:00,4.331768E+02,0.000000E+00,2.202654E-02,0.000000E+00,6.494868E+02,0.000000E+00,4.183741E-02,0.000000E+00,0.000000E+00,0.000000E+00,0.000000E+00,0.000000E+00
20:00:00,4.331775E+02,0.000000E+00,2.202658E-02,0.000000E+00,6.495001E+02,0.000000E+00,4.183827E-02,0.000000E+00,0.000000E+00,0.000000E+00,0.000000E+00,0.000000E+00
20:10:00,4.331782E+02,0.000000E+00,2.202661E-02,0.000000E+00,6.495134E+02,0.000000E+00,4.183913E-02,0.000000E+00,0.000000E+00,0.000000E+00,0.000000E+00,0.000000E+00
20:20:00,4.331789E+02,0.000000E+00,2.202665E-02,0.000000E+00,6.495266E+02,0.000000E+00,4.183998E-02,0.000000E+00,0.000000E+00,0.000000E+00,0.000000E+00,0.000000E+00
20:30:00,4.331796E+02,0.000000E+00,2.202668E-02,0.000000E+00,6.495399E+02,0.000000E+00,4.184084E-02,0.000000E+00,0.000000E+00,0.000000E+00,0.000000E+00,0.000000E+00
20:40:00,4.331802E+02,0.000000E+00,2.202672E-02,0.000000E+00,6.495531E+02,0.000000E+00,4.184169E-02,0.000000E+00,0.000000E+00,0.000000E+00,0.000000E+00,0.000000E+00
20:50:00,4.331809E+02,0.000000E+00,2.202675E-02,0.000000E+00,6.495663E+02,0.000000E+00,4.184254E-02,0.000000E+00,0.000000E+00,0.000000E+00,0.000000E+00,0.000000E+00
21:00:00,4.331816E+02,0.000000E+00,2.202679E-02,0.000000E+00,6.495794E+02,0.000000E+00,4.184338E-02,0.000000E+00,0.000000E+00,0.000000E+00,0.000000E+00,0.000000E+00
21:10:00,4.331823E+02,0.000000E+00,2.202682E-02,0.000000E+00,6.495925E+02,0.000000E+00,4.184423E-02,0.000000E+00,0.000000E+00,0.000000E+00,0.000000E+00,0.000000E+00
21:20:00,4.331830E+02,0.000000E+00,2.202686E-02,0.000000E+00,6.496056E+02,0.000000E+00,4.184507E-02,0.000000E+00,0.000000E+00,0.000000E+00,0.000000E+00,0.000000E+00
21:30:00,4.331836E+02,0.000000E+00,2.202689E-02,0.000000E+00,6.496187E+02,0.000000E+00,4.184591E-02,0.000000E+00,0.000000E+00,0.000000E+00,0.000000E+00,0.000000E+00
21:40:00,4.331843E+02,0.000000E+00,2.202693E-02,0.000000E+00,6.496317E+02,0.000000E+00,4.184675E-02,0.000000E+00,0.000000E+00,0.000000E+00,0.000000E+00,0.000000E+00
21:50:00,4.331850E+02,0.000000E+00,2.202696E-02,0.000000E+00,6.496447E+02,0.000000E+00,4.184759E-02,0.000000E+00,0.000000E+00,0.000000E+00,0.000000E+00,0.000000E+00
22:00:00,4.331857E+02,0.000000E+00,2.202700E-02,0.000000E+00,6.496576E+02,0.000000E+00,4.184842E-02,0.000000E+00,0.000000E+00,0.000000E+00,0.000000E+00,0.000000E+00
22:10:00,4.331863E+02,0.000000E+00,2.202703E-02,0.000000E+00,6.496706E+02,0.000000E+00,4.184926E-02,0.000000E+00,0.000000E+00,0.000000E+00,0.000000E+00,0.000000E+00
22:20:00,4.331870E+02,0.000000E+00,2.202706E-02,0.000000E+00,6.496835E+02,0.000000E+00,4.185009E-02,0.000000E+00,0.000000E+00,0.000000E+00,0.000000E+00,0.000000E+00
22:30:00,4.331877E+02,0.000000E+00,2.202710E-02,0.000000E+00,6.496964E+02,0.000000E+00,4.185092E-02,0.000000E+00,0.000000E+00,0.000000E+00,0.000000E+00,0.000000E+00
22:40:00,4.331883E+02,0.000000E+00,2.202713E-02,0.000000E+00,6.497092E+02,0.000000E+00,4.185174E-02,0.000000E+00,0.000000E+00,0.000000E+00,0.000000E+00,0.000000E+00
22:50:00,4.331890E+02,0.000000E+00,2.202716E-02,0.000000E+00,6.497220E+02,0.000000E+00,4.185257E-02,0.000000E+00,0.000000E+00,0.000000E+00,0.000000E+00,0.000000E+00
23:00:00,4.331896E+02,0.000000E+00,2.202720E-02,0.000000E+00,6.497348E+02,0.000000E+00,4.185339E-02,0.000000E+00,0.000000E+00,0.000000E+00,0.000000E+00,0.000000E+00
23:10:00,4.331903E+02,0.000000E+00,2.202723E-02,0.000000E+00,6.497476E+02,0.000000E+00,4.185422E-02,0.000000E+00,0.000000E+00,0.000000E+00,0.000000E+00,0.000000E+00
23:20:00,4.331910E+02,0.000000E+00,2.202726E-02,0.000000E+00,6.497603E+02,0.000000E+00,4.185504E-02,0.000000E+00,0.000000E+00,0.000000E+00,0.000000E+00,0.000000E+00
23:30:00,4.331916E+02,0.000000E+00,2.202730E-02,0.000000E+00,6.497730E+02,0.000000E+00,4.185585E-02,0.000000E+00,0.000000E+00,0.000000E+00,0.000000E+00,0.000000E+00
23:40:00,4.331923E+02,0.000000E+00,2.202733E-02,0.000000E+00,6.497857E+02,0.000000E+00,4.185667E-02,0.000000E+00,0.000000E+00,0.000000E+00,0.000000E+00,0.000000E+00
23:50:00,4.331929E+02,0.000000E+00,2.202736E-02,0.000000E+00,6.497983E+02,0.000000E+00,4.185748E-02,0.000000E+00,0.000000E+00,0.000000E+00,0.000000E+00,0.000000E+00
24:00:00,4.331936E+02,0.000000E+00,2.202740E-02,0.000000E+00,6.498109E+02,0.000000E+00,4.185830E-02,0.000000E+00,0.000000E+00,0.000000E+00,0.000000E+00,0.000000E+00
Peak,4.331936E+02,0.000000E+00,2.202740E-02,0.000000E+00,6.498109E+02,0.000000E+00,4.185830E-02,0.000000E+00,0.000000E+00,0.000000E+00,0.000000E+00,0.000000E+00

Peak Vol Flow (m3/s),,,1.925216E-02,0.000000E+00,,,3.658456E-02,0.000000E+00,,,0.000000E+00,0.000000E+00
